continent,year,mean_GDPperCap
Africa,1997,2378.759555101923
Africa,2007,3089.0326047365384
Americas,1997,8889.30086256
Americas,2007,11003.03162536
Asia,1997,9834.093295248485
Asia,2007,12473.026870133333
Europe,1997,19076.7818016
Europe,2007,25054.481635933334
Oceania,1997,24024.175170000002
Oceania,2007,29810.188275
